,countries,size,user identity
0,romania,3,refugee
1,turkey,1,refugee
2,slovakia,2,support
3,slovakia,1,support
4,moldova,3,refugee
5,hungary,2,refugee
6,hungary,2,support
7,turkey,3,refugee
8,poland,5,support
9,poland,3,refugee
10,slovakia,4,support
11,ukraine,2,support
12,slovakia,4,refugee
13,moldova,4,support
14,hungary,2,support
15,hungary,1,refugee
16,hungary,3,support
17,hungary,4,refugee
18,poland,3,refugee
19,hungary,1,support
20,moldova,1,support
21,ukraine,2,refugee
22,turkey,2,refugee
23,romania,3,support
24,moldova,1,refugee
25,slovakia,4,refugee
26,turkey,2,support
27,moldova,1,support
28,moldova,3,support
29,ukraine,3,refugee
30,ukraine,1,refugee
31,hungary,2,refugee
32,ukraine,5,support
33,poland,4,support
34,turkey,3,support
35,hungary,5,refugee
36,moldova,5,support
37,moldova,4,support
38,hungary,4,support
39,turkey,5,refugee
40,slovakia,1,support
41,turkey,4,refugee
42,hungary,1,support
43,hungary,5,support
44,hungary,3,support
45,hungary,1,refugee
46,slovakia,5,refugee
47,romania,3,refugee
48,slovakia,1,support
49,hungary,5,support
50,turkey,2,refugee
51,poland,1,refugee
52,slovakia,4,refugee
53,hungary,3,refugee
54,slovakia,3,support
55,hungary,5,support
56,poland,2,refugee
57,slovakia,4,refugee
58,slovakia,5,refugee
59,ukraine,2,support
60,poland,3,refugee
61,turkey,3,refugee
62,poland,3,refugee
63,poland,3,refugee
64,slovakia,2,support
65,turkey,3,refugee
66,ukraine,4,support
67,moldova,5,refugee
68,turkey,3,refugee
69,romania,5,support
70,moldova,4,support
71,moldova,4,support
72,moldova,1,support
73,moldova,1,refugee
74,turkey,2,support
75,romania,4,support
76,slovakia,4,refugee
77,slovakia,3,refugee
78,ukraine,3,refugee
79,ukraine,1,support
80,romania,4,refugee
81,ukraine,1,refugee
82,poland,2,support
83,hungary,1,refugee
84,poland,4,support
85,slovakia,1,support
86,slovakia,3,refugee
87,poland,3,refugee
88,slovakia,4,refugee
89,turkey,2,refugee
90,poland,3,refugee
91,poland,3,support
92,romania,5,refugee
93,moldova,5,support
94,turkey,2,support
95,moldova,2,refugee
96,ukraine,3,refugee
97,slovakia,3,support
98,poland,1,support
99,hungary,1,refugee
100,romania,3,refugee
101,romania,5,refugee
102,moldova,4,support
103,slovakia,3,support
104,moldova,1,refugee
105,turkey,2,support
106,ukraine,1,support
107,romania,5,support
108,romania,2,support
109,hungary,3,refugee
110,hungary,3,refugee
111,slovakia,4,support
112,romania,1,support
113,turkey,5,support
114,turkey,4,refugee
115,moldova,1,support
116,slovakia,1,support
117,slovakia,1,support
118,turkey,4,support
119,poland,2,refugee
120,hungary,1,support
121,moldova,5,support
122,slovakia,5,support
123,romania,2,support
124,turkey,4,refugee
125,romania,4,refugee
126,turkey,4,support
127,moldova,1,refugee
128,moldova,4,support
129,slovakia,2,support
130,ukraine,4,support
131,moldova,5,refugee
132,turkey,4,refugee
133,romania,4,refugee
134,slovakia,5,support
135,romania,3,refugee
136,hungary,4,refugee
137,hungary,5,support
138,ukraine,4,refugee
139,romania,3,refugee
140,ukraine,4,support
141,turkey,2,support
142,poland,2,refugee
143,turkey,2,refugee
144,romania,1,support
145,slovakia,5,refugee
146,slovakia,4,refugee
147,poland,5,support
148,slovakia,4,support
149,turkey,1,refugee
150,slovakia,2,support
151,ukraine,4,refugee
152,slovakia,1,support
153,hungary,3,support
154,slovakia,5,support
155,moldova,4,support
156,ukraine,2,refugee
157,turkey,3,support
158,ukraine,4,refugee
159,hungary,4,support
160,slovakia,1,refugee
161,slovakia,1,refugee
162,turkey,2,refugee
163,ukraine,2,refugee
164,turkey,3,support
165,turkey,5,refugee
166,romania,1,refugee
167,moldova,2,support
168,turkey,2,support
169,poland,1,refugee
170,turkey,4,support
171,hungary,3,support
172,poland,4,refugee
173,romania,3,support
174,slovakia,5,support
175,turkey,1,refugee
176,romania,2,refugee
177,ukraine,3,support
178,hungary,1,refugee
179,romania,5,support
180,hungary,2,refugee
181,ukraine,4,support
182,slovakia,2,support
183,hungary,5,refugee
184,turkey,2,support
185,slovakia,4,support
186,moldova,5,refugee
187,turkey,5,support
188,romania,3,support
189,slovakia,2,support
190,poland,2,refugee
191,ukraine,2,refugee
192,moldova,1,refugee
193,poland,5,refugee
194,slovakia,5,refugee
195,ukraine,5,refugee
196,ukraine,5,refugee
197,ukraine,1,support
198,turkey,4,support
199,slovakia,5,refugee
200,poland,2,support
201,romania,3,refugee
202,moldova,5,support
203,romania,3,support
204,hungary,4,refugee
205,turkey,3,support
206,turkey,1,support
207,slovakia,3,support
208,poland,3,refugee
209,turkey,5,refugee
210,hungary,1,support
211,ukraine,4,refugee
212,moldova,2,refugee
213,ukraine,3,support
214,moldova,5,refugee
215,hungary,5,refugee
216,moldova,3,refugee
217,hungary,1,refugee
218,poland,4,support
219,ukraine,3,support
220,poland,3,refugee
221,romania,4,support
222,moldova,2,support
223,slovakia,5,refugee
224,slovakia,2,support
225,poland,3,support
226,poland,4,refugee
227,turkey,4,refugee
228,poland,4,support
229,turkey,2,refugee
230,hungary,4,refugee
231,poland,3,refugee
232,hungary,3,support
233,poland,4,refugee
234,hungary,2,support
235,turkey,5,support
236,poland,3,support
237,turkey,2,refugee
238,romania,2,support
239,moldova,2,refugee
240,slovakia,2,refugee
241,slovakia,5,refugee
242,moldova,5,support
243,ukraine,4,support
244,turkey,2,refugee
245,romania,2,refugee
246,hungary,1,refugee
247,slovakia,2,refugee
248,moldova,2,refugee
249,hungary,2,support
250,ukraine,2,refugee
251,turkey,2,support
252,turkey,4,refugee
253,slovakia,5,refugee
254,romania,3,support
255,poland,1,support
256,poland,3,support
257,poland,5,support
258,moldova,4,support
259,ukraine,1,support
260,moldova,4,refugee
261,moldova,3,support
262,ukraine,5,support
263,hungary,5,refugee
264,hungary,2,refugee
265,moldova,4,refugee
266,romania,2,refugee
267,ukraine,5,support
268,hungary,1,support
269,romania,1,support
270,ukraine,1,refugee
271,slovakia,5,support
272,poland,1,support
273,poland,3,refugee
274,slovakia,2,refugee
275,turkey,3,refugee
276,moldova,3,support
277,turkey,3,refugee
278,romania,5,refugee
279,slovakia,2,refugee
280,hungary,3,support
281,romania,2,refugee
282,moldova,1,support
283,poland,4,support
284,moldova,3,refugee
285,turkey,4,support
286,hungary,2,support
287,moldova,5,refugee
288,slovakia,1,support
289,slovakia,4,refugee
290,hungary,3,support
291,poland,2,support
292,romania,2,support
293,romania,3,support
294,hungary,1,refugee
295,moldova,4,support
296,slovakia,1,refugee
297,slovakia,4,support
298,romania,1,refugee
299,hungary,2,refugee
300,moldova,3,support
301,ukraine,5,refugee
302,romania,1,support
303,ukraine,5,support
304,hungary,5,refugee
305,hungary,2,refugee
306,moldova,4,support
307,slovakia,2,refugee
308,romania,5,support
309,moldova,3,support
310,turkey,1,refugee
311,romania,2,support
312,hungary,2,refugee
313,moldova,2,support
314,hungary,4,refugee
315,turkey,4,support
316,poland,3,refugee
317,moldova,3,support
318,moldova,3,refugee
319,hungary,5,support
320,turkey,4,refugee
321,hungary,1,support
322,moldova,3,support
323,hungary,4,support
324,ukraine,4,refugee
325,turkey,1,refugee
326,poland,4,refugee
327,turkey,5,refugee
328,ukraine,5,refugee
329,poland,4,support
330,moldova,1,refugee
331,poland,1,support
332,hungary,5,refugee
333,poland,2,refugee
334,poland,2,support
335,slovakia,5,refugee
336,hungary,1,refugee
337,hungary,4,support
338,moldova,5,refugee
339,romania,1,refugee
340,ukraine,2,support
341,poland,1,support
342,romania,5,support
343,ukraine,3,refugee
344,moldova,5,refugee
345,hungary,4,support
346,slovakia,5,refugee
347,hungary,1,support
348,hungary,2,refugee
349,poland,4,support
350,hungary,5,support
351,moldova,5,refugee
352,moldova,5,refugee
353,ukraine,2,support
354,poland,2,refugee
355,slovakia,3,support
356,poland,3,support
357,hungary,3,refugee
358,romania,1,support
359,poland,5,refugee
360,moldova,5,support
361,moldova,5,support
362,hungary,4,support
363,slovakia,2,support
364,slovakia,2,support
365,poland,5,support
366,turkey,3,refugee
367,ukraine,5,refugee
368,moldova,5,support
369,slovakia,1,refugee
370,ukraine,1,support
371,poland,5,refugee
372,turkey,5,support
373,hungary,1,support
374,turkey,5,support
375,hungary,1,refugee
376,ukraine,2,refugee
377,turkey,1,refugee
378,hungary,3,refugee
379,hungary,2,refugee
380,ukraine,3,support
381,moldova,5,refugee
382,romania,1,refugee
383,moldova,1,support
384,slovakia,3,refugee
385,poland,5,refugee
386,turkey,1,support
387,slovakia,3,support
388,hungary,2,support
389,turkey,5,support
390,slovakia,3,support
391,romania,5,support
392,hungary,4,refugee
393,turkey,5,support
394,moldova,4,support
395,ukraine,1,refugee
396,moldova,2,refugee
397,moldova,1,refugee
398,hungary,5,refugee
399,poland,1,refugee
400,ukraine,2,support
401,poland,2,refugee
402,ukraine,4,refugee
403,poland,4,refugee
404,turkey,1,refugee
405,moldova,4,refugee
406,slovakia,1,support
407,poland,3,support
408,poland,4,support
409,slovakia,1,refugee
410,poland,5,refugee
411,moldova,2,support
412,poland,1,support
413,poland,4,refugee
414,poland,5,support
415,poland,1,support
416,poland,1,support
417,romania,2,support
418,turkey,3,support
419,poland,4,refugee
420,moldova,5,refugee
421,hungary,3,support
422,poland,4,refugee
423,hungary,1,support
424,poland,3,refugee
425,moldova,5,refugee
426,turkey,2,support
427,poland,3,refugee
428,slovakia,4,refugee
429,slovakia,5,support
430,slovakia,5,refugee
431,poland,4,support
432,poland,2,refugee
433,hungary,2,support
434,moldova,1,refugee
435,romania,1,support
436,moldova,4,refugee
437,hungary,1,support
438,turkey,2,support
439,ukraine,1,support
440,moldova,3,support
441,slovakia,4,support
442,hungary,5,support
443,hungary,4,support
444,ukraine,5,support
445,ukraine,4,support
446,ukraine,1,support
447,slovakia,4,refugee
448,turkey,1,support
449,turkey,2,support
450,poland,3,support
451,turkey,1,support
452,moldova,4,refugee
453,romania,2,support
454,poland,5,refugee
455,slovakia,2,refugee
456,romania,5,support
457,hungary,2,refugee
458,slovakia,5,support
459,romania,4,refugee
460,moldova,1,refugee
461,hungary,3,refugee
462,ukraine,1,refugee
463,ukraine,1,support
464,moldova,1,support
465,moldova,5,refugee
466,moldova,1,refugee
467,poland,1,support
468,romania,2,refugee
469,ukraine,3,support
470,hungary,3,support
471,slovakia,1,refugee
472,slovakia,5,refugee
473,moldova,1,refugee
474,moldova,1,refugee
475,slovakia,2,support
476,moldova,5,support
477,slovakia,5,refugee
478,poland,4,support
479,hungary,5,refugee
480,hungary,5,support
481,moldova,2,refugee
482,ukraine,3,refugee
483,romania,1,refugee
484,slovakia,1,refugee
485,slovakia,2,refugee
486,moldova,4,refugee
487,slovakia,4,refugee
488,moldova,2,refugee
489,slovakia,2,support
490,poland,2,refugee
491,slovakia,1,refugee
492,moldova,3,support
493,ukraine,3,support
494,poland,2,support
495,turkey,2,refugee
496,turkey,3,support
497,slovakia,4,refugee
498,turkey,4,refugee
499,slovakia,1,refugee
500,ukraine,4,support
501,moldova,4,refugee
502,ukraine,5,refugee
503,slovakia,2,support
504,poland,2,refugee
505,moldova,2,support
506,hungary,3,refugee
507,ukraine,1,refugee
508,ukraine,3,support
509,poland,5,refugee
510,ukraine,2,support
511,poland,3,support
512,ukraine,5,support
513,turkey,4,refugee
514,romania,3,refugee
515,turkey,2,refugee
516,hungary,2,support
517,moldova,3,refugee
518,hungary,3,support
519,turkey,1,refugee
520,slovakia,3,support
521,slovakia,4,refugee
522,slovakia,1,support
523,hungary,3,support
524,moldova,1,support
525,romania,2,refugee
526,slovakia,5,support
527,poland,3,support
528,romania,1,support
529,moldova,4,refugee
530,moldova,5,refugee
531,poland,1,support
532,turkey,1,support
533,moldova,5,support
534,moldova,5,refugee
535,moldova,5,support
536,moldova,3,refugee
537,romania,1,refugee
538,turkey,5,support
539,romania,5,support
540,slovakia,4,support
541,ukraine,3,refugee
542,moldova,2,support
543,poland,3,support
544,ukraine,3,refugee
545,hungary,2,refugee
546,turkey,1,refugee
547,romania,2,refugee
548,poland,4,support
549,turkey,1,support
550,turkey,1,refugee
551,romania,2,refugee
552,romania,2,refugee
553,slovakia,4,support
554,ukraine,5,refugee
555,turkey,4,support
556,ukraine,2,support
557,poland,2,refugee
558,turkey,2,support
559,moldova,3,refugee
560,turkey,1,support
561,turkey,2,refugee
562,moldova,5,refugee
563,poland,2,support
564,turkey,4,support
565,moldova,5,support
566,turkey,5,refugee
567,poland,2,refugee
568,poland,4,refugee
569,turkey,1,refugee
570,poland,2,support
571,romania,3,refugee
572,hungary,2,support
573,ukraine,2,refugee
574,ukraine,3,support
575,ukraine,5,refugee
576,turkey,5,support
577,slovakia,3,refugee
578,turkey,4,support
579,slovakia,4,support
580,hungary,5,support
581,moldova,3,support
582,ukraine,1,support
583,poland,2,refugee
584,hungary,5,refugee
585,hungary,4,refugee
586,moldova,5,support
587,romania,2,refugee
588,poland,4,refugee
589,hungary,1,refugee
590,poland,4,refugee
591,poland,2,support
592,poland,5,support
593,romania,1,support
594,romania,3,refugee
595,ukraine,4,support
596,moldova,2,support
597,moldova,3,support
598,ukraine,4,refugee
599,slovakia,3,support
600,ukraine,3,support
601,turkey,4,support
602,moldova,3,refugee
603,moldova,5,refugee
604,slovakia,4,support
605,ukraine,3,refugee
606,hungary,2,support
607,poland,5,support
608,ukraine,2,support
609,moldova,4,support
610,poland,5,support
611,turkey,1,refugee
612,ukraine,2,support
613,poland,4,support
614,hungary,4,refugee
615,poland,2,support
616,slovakia,4,refugee
617,hungary,3,support
618,ukraine,1,support
619,hungary,4,refugee
620,turkey,5,support
621,slovakia,1,support
622,romania,4,support
623,hungary,4,support
624,romania,1,refugee
625,romania,3,refugee
626,hungary,2,support
627,turkey,1,refugee
628,hungary,1,support
629,moldova,3,support
630,turkey,5,support
631,turkey,4,refugee
632,moldova,1,refugee
633,turkey,2,support
634,turkey,2,refugee
635,romania,4,support
636,turkey,3,refugee
637,turkey,3,refugee
638,hungary,3,support
639,romania,5,support
640,romania,2,support
641,moldova,1,support
642,romania,2,support
643,slovakia,1,refugee
644,moldova,1,support
645,moldova,5,support
646,moldova,2,support
647,romania,2,support
648,slovakia,4,refugee
649,ukraine,5,refugee
650,poland,5,support
651,slovakia,2,support
652,romania,2,support
653,hungary,1,support
654,hungary,1,support
655,poland,1,refugee
656,turkey,2,support
657,turkey,4,support
658,poland,5,support
659,romania,3,support
660,hungary,1,refugee
661,moldova,3,support
662,turkey,2,support
663,ukraine,3,refugee
664,hungary,1,support
665,ukraine,1,refugee
666,moldova,2,support
667,ukraine,2,support
668,hungary,2,support
669,ukraine,4,support
670,slovakia,3,support
671,ukraine,2,support
672,moldova,4,refugee
673,turkey,3,support
674,hungary,3,refugee
675,romania,4,refugee
676,slovakia,4,support
677,ukraine,4,refugee
678,hungary,5,support
679,ukraine,2,support
680,hungary,2,refugee
681,poland,3,refugee
682,turkey,3,refugee
683,ukraine,5,refugee
684,slovakia,1,refugee
685,ukraine,1,refugee
686,ukraine,5,support
687,poland,4,support
688,romania,1,support
689,romania,4,refugee
690,romania,4,support
691,poland,1,refugee
692,moldova,3,support
693,turkey,5,support
694,ukraine,2,refugee
695,hungary,2,refugee
696,hungary,2,refugee
697,poland,1,support
698,romania,3,support
699,moldova,4,support
700,hungary,4,refugee
701,slovakia,3,support
702,poland,5,refugee
703,moldova,1,refugee
704,poland,4,refugee
705,moldova,2,support
706,turkey,3,refugee
707,moldova,3,support
708,romania,2,refugee
709,turkey,4,refugee
710,hungary,5,refugee
711,turkey,2,support
712,turkey,1,refugee
713,turkey,1,support
714,ukraine,5,support
715,turkey,3,refugee
716,poland,3,refugee
717,romania,4,refugee
718,slovakia,5,refugee
719,romania,2,support
720,romania,1,support
721,ukraine,5,refugee
722,moldova,1,refugee
723,slovakia,5,support
724,slovakia,4,support
725,hungary,4,refugee
726,hungary,2,refugee
727,moldova,3,refugee
728,poland,2,refugee
729,moldova,1,refugee
730,slovakia,1,support
731,romania,1,support
732,slovakia,3,refugee
733,ukraine,5,support
734,hungary,1,refugee
735,slovakia,3,refugee
736,slovakia,4,support
737,slovakia,5,support
738,slovakia,4,refugee
739,slovakia,1,support
740,hungary,5,refugee
741,hungary,1,refugee
742,turkey,2,refugee
743,turkey,1,refugee
744,moldova,4,refugee
745,turkey,3,refugee
746,hungary,2,support
747,hungary,5,support
748,romania,4,refugee
749,moldova,2,refugee
750,slovakia,3,refugee
751,poland,1,refugee
752,poland,4,support
753,poland,3,refugee
754,moldova,1,support
755,ukraine,4,refugee
756,slovakia,2,support
757,hungary,1,refugee
758,moldova,5,refugee
759,slovakia,1,refugee
760,slovakia,1,support
761,turkey,2,support
762,hungary,2,refugee
763,poland,3,support
764,moldova,4,support
765,ukraine,3,support
766,moldova,2,support
767,moldova,2,support
768,ukraine,2,support
769,slovakia,4,refugee
770,hungary,1,support
771,romania,2,refugee
772,slovakia,2,refugee
773,romania,4,support
774,romania,2,refugee
775,moldova,1,support
776,poland,3,refugee
777,turkey,5,refugee
778,turkey,1,refugee
779,turkey,3,refugee
780,romania,2,support
781,turkey,2,support
782,poland,4,refugee
783,moldova,3,support
784,poland,5,support
785,turkey,5,support
786,moldova,1,refugee
787,turkey,5,refugee
788,moldova,5,refugee
789,hungary,1,refugee
790,turkey,2,refugee
791,ukraine,5,support
792,ukraine,3,refugee
793,poland,1,support
794,hungary,3,support
795,ukraine,3,refugee
796,romania,3,support
797,turkey,2,refugee
798,hungary,1,support
799,turkey,2,refugee
800,moldova,2,refugee
801,turkey,1,support
802,poland,2,refugee
803,slovakia,1,refugee
804,slovakia,1,refugee
805,hungary,4,support
806,ukraine,2,support
807,hungary,4,refugee
808,ukraine,2,support
809,slovakia,1,support
810,romania,5,support
811,poland,5,refugee
812,romania,4,support
813,hungary,3,support
814,hungary,4,support
815,ukraine,3,refugee
816,turkey,2,support
817,poland,5,support
818,turkey,5,support
819,moldova,5,support
820,slovakia,5,refugee
821,poland,2,refugee
822,turkey,3,refugee
823,poland,5,support
824,slovakia,4,support
825,poland,3,support
826,ukraine,3,refugee
827,ukraine,4,refugee
828,hungary,3,support
829,romania,3,refugee
830,poland,2,refugee
831,slovakia,5,refugee
832,ukraine,2,support
833,hungary,5,support
834,poland,5,refugee
835,poland,2,support
836,slovakia,4,support
837,turkey,2,support
838,moldova,1,support
839,romania,1,support
840,slovakia,5,support
841,romania,5,support
842,turkey,5,refugee
843,romania,4,refugee
844,hungary,5,refugee
845,moldova,4,support
846,romania,1,refugee
847,slovakia,5,support
848,ukraine,2,support
849,poland,4,support
850,poland,4,refugee
851,turkey,2,refugee
852,romania,3,refugee
853,romania,3,refugee
854,moldova,3,support
855,moldova,5,support
856,hungary,2,refugee
857,turkey,2,support
858,moldova,3,refugee
859,slovakia,3,support
860,turkey,4,refugee
861,hungary,5,refugee
862,slovakia,1,refugee
863,moldova,1,support
864,romania,5,refugee
865,romania,1,refugee
866,turkey,2,support
867,poland,3,support
868,poland,3,support
869,slovakia,3,refugee
870,slovakia,3,refugee
871,poland,4,refugee
872,moldova,1,refugee
873,moldova,4,support
874,ukraine,5,refugee
875,ukraine,5,refugee
876,poland,3,refugee
877,ukraine,5,support
878,moldova,5,support
879,poland,1,support
880,poland,1,support
881,turkey,2,refugee
882,ukraine,1,support
883,moldova,1,refugee
884,slovakia,2,refugee
885,ukraine,1,support
886,romania,5,refugee
887,poland,3,support
888,turkey,2,refugee
889,ukraine,1,refugee
890,ukraine,3,refugee
891,romania,2,support
892,moldova,2,refugee
893,ukraine,3,refugee
894,hungary,1,support
895,slovakia,2,refugee
896,slovakia,2,refugee
897,hungary,3,refugee
898,romania,3,support
899,slovakia,3,support
900,hungary,2,refugee
901,moldova,3,refugee
902,ukraine,2,support
903,poland,3,support
904,turkey,3,support
905,slovakia,5,support
906,romania,2,refugee
907,turkey,5,refugee
908,ukraine,5,refugee
909,ukraine,1,refugee
910,slovakia,2,refugee
911,poland,3,support
912,ukraine,5,support
913,turkey,3,refugee
914,moldova,1,refugee
915,moldova,2,support
916,poland,3,refugee
917,poland,3,refugee
918,romania,2,refugee
919,slovakia,4,refugee
920,hungary,5,support
921,slovakia,2,support
922,moldova,3,refugee
923,poland,5,support
924,moldova,3,refugee
925,slovakia,1,refugee
926,hungary,5,refugee
927,poland,1,support
928,romania,2,refugee
929,moldova,2,refugee
930,poland,2,refugee
931,ukraine,1,refugee
932,ukraine,3,support
933,hungary,4,support
934,ukraine,4,support
935,poland,3,support
936,romania,2,support
937,poland,2,support
938,poland,1,refugee
939,moldova,2,refugee
940,moldova,3,support
941,ukraine,4,refugee
942,moldova,2,support
943,moldova,2,refugee
944,romania,4,refugee
945,poland,1,support
946,turkey,1,support
947,slovakia,3,refugee
948,moldova,5,refugee
949,hungary,1,refugee
950,moldova,1,refugee
951,hungary,3,refugee
952,slovakia,3,support
953,hungary,2,refugee
954,slovakia,3,refugee
955,slovakia,2,refugee
956,romania,4,support
957,moldova,3,refugee
958,turkey,4,support
959,poland,5,support
960,slovakia,5,refugee
961,romania,4,refugee
962,hungary,2,support
963,hungary,2,support
964,romania,3,refugee
965,ukraine,4,support
966,moldova,1,refugee
967,moldova,2,support
968,slovakia,2,support
969,romania,3,refugee
970,ukraine,2,refugee
971,hungary,4,support
972,turkey,5,support
973,turkey,5,support
974,romania,1,support
975,romania,5,support
976,moldova,1,refugee
977,hungary,5,refugee
978,ukraine,2,support
979,slovakia,5,refugee
980,slovakia,5,refugee
981,moldova,5,support
982,turkey,5,support
983,slovakia,5,support
984,slovakia,5,refugee
985,hungary,2,support
986,slovakia,5,refugee
987,moldova,2,support
988,slovakia,1,refugee
989,poland,4,support
990,poland,2,support
991,romania,2,support
992,moldova,3,support
993,moldova,2,refugee
994,hungary,4,refugee
995,ukraine,4,support
996,turkey,1,refugee
997,slovakia,4,refugee
998,poland,5,refugee
999,poland,4,support
1000,poland,3,support
1001,romania,3,refugee
1002,poland,3,refugee
1003,moldova,1,refugee
1004,romania,5,refugee
1005,moldova,5,refugee
1006,romania,4,refugee
1007,turkey,1,refugee
1008,hungary,3,refugee
1009,romania,3,refugee
1010,romania,1,support
1011,moldova,5,refugee
1012,turkey,1,support
1013,romania,4,refugee
1014,poland,3,support
1015,hungary,2,refugee
1016,poland,5,support
1017,poland,3,refugee
1018,hungary,4,support
1019,romania,1,support
1020,slovakia,2,support
1021,moldova,4,refugee
1022,turkey,2,refugee
1023,poland,1,refugee
1024,poland,3,support
1025,turkey,1,refugee
1026,moldova,5,refugee
1027,ukraine,4,refugee
1028,poland,4,refugee
1029,ukraine,5,refugee
1030,ukraine,5,support
1031,hungary,5,refugee
1032,ukraine,5,refugee
1033,hungary,2,refugee
1034,moldova,1,support
1035,turkey,4,support
1036,romania,4,support
1037,romania,1,refugee
1038,slovakia,3,refugee
1039,turkey,4,support
1040,hungary,2,refugee
1041,poland,1,support
1042,ukraine,4,support
1043,poland,4,support
1044,hungary,2,support
1045,slovakia,5,refugee
1046,poland,3,support
1047,moldova,1,refugee
1048,hungary,3,refugee
1049,hungary,2,support
1050,hungary,5,support
1051,hungary,2,support
1052,turkey,2,refugee
1053,romania,1,support
1054,romania,4,refugee
1055,romania,1,refugee
1056,turkey,1,refugee
1057,moldova,3,refugee
1058,poland,4,support
1059,poland,1,refugee
1060,ukraine,4,refugee
1061,romania,2,refugee
1062,turkey,3,refugee
1063,hungary,4,refugee
1064,romania,1,refugee
1065,romania,3,refugee
1066,ukraine,5,support
1067,poland,4,refugee
1068,turkey,4,support
1069,poland,5,support
1070,hungary,3,refugee
1071,poland,5,refugee
1072,poland,2,refugee
1073,poland,2,refugee
1074,slovakia,4,refugee
1075,poland,1,support
1076,moldova,4,refugee
1077,romania,1,refugee
1078,romania,1,support
1079,turkey,4,support
1080,poland,3,refugee
1081,moldova,4,support
1082,romania,2,support
1083,turkey,4,refugee
1084,moldova,5,refugee
1085,romania,4,support
1086,slovakia,4,refugee
1087,moldova,4,support
1088,poland,5,support
1089,poland,5,support
1090,hungary,2,support
1091,turkey,4,refugee
1092,turkey,3,support
1093,moldova,1,refugee
1094,slovakia,4,refugee
1095,poland,4,refugee
1096,ukraine,5,support
1097,ukraine,3,support
1098,poland,3,support
1099,moldova,2,support
1100,romania,1,refugee
1101,hungary,1,support
1102,slovakia,2,refugee
1103,ukraine,4,support
1104,hungary,2,refugee
1105,slovakia,2,support
1106,ukraine,2,refugee
1107,moldova,3,support
1108,moldova,3,support
1109,turkey,2,support
1110,ukraine,1,support
1111,romania,3,support
1112,romania,5,support
1113,turkey,3,support
1114,ukraine,4,support
1115,poland,1,support
1116,romania,1,refugee
1117,moldova,2,support
1118,moldova,4,support
1119,slovakia,2,support
1120,slovakia,1,support
1121,ukraine,1,refugee
1122,slovakia,3,support
1123,slovakia,1,support
1124,hungary,4,support
1125,slovakia,1,refugee
1126,hungary,1,refugee
1127,moldova,5,support
1128,ukraine,4,support
1129,ukraine,1,support
1130,slovakia,5,refugee
1131,hungary,5,refugee
1132,poland,2,refugee
1133,romania,3,refugee
1134,ukraine,3,refugee
1135,ukraine,4,support
1136,romania,1,support
1137,romania,4,refugee
1138,slovakia,2,refugee
1139,moldova,4,refugee
1140,hungary,5,support
1141,ukraine,2,refugee
1142,moldova,2,support
1143,romania,3,support
1144,slovakia,4,support
1145,romania,1,refugee
1146,poland,1,support
1147,hungary,3,support
1148,turkey,4,refugee
1149,ukraine,3,support
1150,hungary,5,support
1151,turkey,1,refugee
1152,slovakia,4,support
1153,poland,5,refugee
1154,poland,5,support
1155,ukraine,5,support
1156,moldova,4,refugee
1157,slovakia,3,refugee
1158,poland,4,support
1159,hungary,1,support
1160,slovakia,4,refugee
1161,romania,2,support
1162,slovakia,4,support
1163,hungary,2,support
1164,poland,1,support
1165,moldova,4,support
1166,slovakia,3,refugee
1167,hungary,3,support
1168,turkey,1,refugee
1169,ukraine,2,support
1170,ukraine,4,refugee
1171,turkey,1,support
1172,romania,2,support
1173,turkey,2,refugee
1174,poland,2,refugee
1175,romania,2,refugee
1176,romania,3,support
1177,poland,4,refugee
1178,moldova,1,refugee
1179,moldova,4,refugee
1180,moldova,1,refugee
1181,turkey,3,support
1182,ukraine,5,refugee
1183,turkey,2,refugee
1184,slovakia,2,refugee
1185,turkey,3,support
1186,romania,1,refugee
1187,moldova,4,support
1188,moldova,3,support
1189,hungary,2,support
1190,moldova,2,refugee
1191,moldova,4,refugee
1192,slovakia,2,refugee
1193,poland,4,refugee
1194,poland,3,refugee
1195,ukraine,4,support
1196,poland,1,support
1197,ukraine,5,support
1198,moldova,4,refugee
1199,slovakia,4,support
1200,turkey,5,refugee
1201,romania,3,support
1202,ukraine,1,refugee
1203,turkey,3,refugee
1204,hungary,4,support
1205,hungary,3,refugee
1206,turkey,2,refugee
1207,ukraine,2,refugee
1208,turkey,2,support
1209,turkey,4,support
1210,turkey,2,support
1211,poland,2,refugee
1212,slovakia,3,refugee
1213,moldova,1,support
1214,slovakia,4,refugee
1215,ukraine,4,support
1216,moldova,3,support
1217,poland,2,refugee
1218,ukraine,3,support
1219,slovakia,2,support
1220,poland,5,support
1221,slovakia,3,support
1222,poland,5,support
1223,moldova,5,refugee
1224,slovakia,1,refugee
1225,hungary,1,refugee
1226,slovakia,5,support
1227,slovakia,3,refugee
1228,moldova,5,support
1229,romania,3,refugee
1230,ukraine,2,support
1231,hungary,1,refugee
1232,hungary,3,support
1233,ukraine,3,refugee
1234,moldova,3,support
1235,poland,2,refugee
1236,turkey,1,support
1237,turkey,1,support
1238,romania,2,refugee
1239,poland,3,refugee
1240,ukraine,4,support
1241,romania,4,refugee
1242,moldova,1,support
1243,turkey,5,support
1244,poland,5,refugee
1245,hungary,2,refugee
1246,hungary,3,support
1247,hungary,5,support
1248,romania,1,refugee
1249,poland,5,support
1250,hungary,2,support
1251,slovakia,4,refugee
1252,moldova,4,support
1253,slovakia,4,support
1254,ukraine,4,support
1255,romania,3,support
1256,ukraine,5,support
1257,hungary,3,support
1258,slovakia,4,refugee
1259,romania,2,support
1260,turkey,4,refugee
1261,romania,5,support
1262,romania,4,support
1263,turkey,5,refugee
1264,ukraine,4,refugee
1265,slovakia,5,support
1266,ukraine,3,refugee
1267,turkey,3,refugee
1268,romania,4,refugee
1269,ukraine,5,support
1270,turkey,3,refugee
1271,poland,3,refugee
1272,ukraine,5,refugee
1273,slovakia,4,support
1274,ukraine,1,support
1275,slovakia,2,support
1276,ukraine,3,support
1277,slovakia,3,support
1278,hungary,3,support
1279,hungary,4,refugee
1280,moldova,2,refugee
1281,moldova,3,refugee
1282,turkey,1,support
1283,poland,4,support
1284,moldova,2,refugee
1285,poland,2,refugee
1286,poland,4,support
1287,slovakia,3,refugee
1288,moldova,5,refugee
1289,poland,4,refugee
1290,moldova,5,support
1291,hungary,2,refugee
1292,poland,5,refugee
1293,hungary,2,refugee
1294,hungary,1,refugee
1295,ukraine,5,support
1296,poland,4,support
1297,turkey,2,support
1298,moldova,5,refugee
1299,poland,4,refugee
1300,ukraine,1,refugee
1301,poland,2,support
1302,poland,4,refugee
1303,ukraine,3,refugee
1304,slovakia,3,refugee
1305,romania,2,refugee
1306,moldova,5,support
1307,slovakia,4,support
1308,romania,4,refugee
1309,ukraine,5,refugee
1310,moldova,2,refugee
1311,slovakia,2,refugee
1312,ukraine,4,support
1313,turkey,2,support
1314,romania,1,support
1315,romania,3,refugee
1316,ukraine,3,support
1317,slovakia,4,support
1318,turkey,1,refugee
1319,romania,5,refugee
1320,slovakia,5,support
1321,hungary,3,support
1322,slovakia,4,support
1323,romania,3,support
1324,turkey,2,refugee
1325,romania,4,support
1326,hungary,5,support
1327,ukraine,5,support
1328,romania,3,refugee
1329,turkey,3,support
1330,hungary,4,support
1331,romania,5,support
1332,ukraine,5,support
1333,moldova,2,refugee
1334,moldova,1,support
1335,slovakia,1,support
1336,ukraine,2,support
1337,romania,1,support
1338,moldova,4,support
1339,poland,4,support
1340,turkey,3,support
1341,moldova,4,refugee
1342,romania,4,support
1343,turkey,5,support
1344,romania,4,support
1345,ukraine,1,support
1346,romania,5,refugee
1347,slovakia,1,refugee
1348,romania,5,support
1349,poland,2,support
1350,ukraine,4,support
1351,poland,2,support
1352,romania,1,refugee
1353,ukraine,4,support
1354,slovakia,2,refugee
1355,turkey,5,refugee
1356,moldova,1,support
1357,moldova,4,support
1358,turkey,3,refugee
1359,hungary,3,support
1360,poland,5,refugee
1361,turkey,3,support
1362,ukraine,2,support
1363,hungary,1,support
1364,hungary,4,refugee
1365,slovakia,5,refugee
1366,hungary,5,refugee
1367,poland,4,refugee
1368,poland,5,support
1369,hungary,5,support
1370,hungary,2,support
1371,poland,1,refugee
1372,romania,3,support
1373,poland,1,support
1374,turkey,5,refugee
1375,romania,2,support
1376,ukraine,3,refugee
1377,slovakia,1,support
1378,romania,1,refugee
1379,ukraine,1,support
1380,romania,5,refugee
1381,turkey,3,refugee
1382,moldova,1,support
1383,hungary,5,refugee
1384,romania,3,refugee
1385,romania,4,refugee
1386,slovakia,4,refugee
1387,slovakia,2,refugee
1388,ukraine,3,support
1389,romania,3,refugee
1390,turkey,2,refugee
1391,poland,2,support
1392,moldova,2,support
1393,moldova,2,support
1394,romania,5,refugee
1395,hungary,2,support
1396,ukraine,1,refugee
1397,ukraine,1,refugee
1398,turkey,3,support
1399,romania,3,support
1400,turkey,2,support
1401,moldova,1,refugee
1402,ukraine,2,support
1403,slovakia,5,support
1404,moldova,3,support
1405,romania,1,refugee
1406,hungary,1,refugee
1407,romania,1,support
1408,ukraine,5,support
1409,slovakia,4,support
1410,moldova,2,support
1411,ukraine,1,refugee
1412,poland,3,refugee
1413,ukraine,5,refugee
1414,moldova,1,support
1415,moldova,5,refugee
1416,hungary,3,support
1417,hungary,3,support
1418,slovakia,3,refugee
1419,romania,4,support
1420,slovakia,3,refugee
1421,moldova,2,refugee
1422,ukraine,2,refugee
1423,turkey,1,refugee
1424,poland,4,support
1425,turkey,5,support
1426,ukraine,2,refugee
1427,turkey,3,refugee
1428,hungary,3,support
1429,slovakia,1,support
1430,poland,3,support
1431,ukraine,4,refugee
1432,turkey,1,support
1433,slovakia,1,refugee
1434,ukraine,5,support
1435,poland,5,refugee
1436,poland,1,support
1437,slovakia,2,support
1438,ukraine,1,refugee
1439,ukraine,1,support
1440,moldova,3,refugee
1441,poland,1,refugee
1442,slovakia,4,refugee
1443,moldova,5,refugee
1444,poland,4,refugee
1445,romania,5,support
1446,hungary,4,support
1447,ukraine,4,support
1448,moldova,5,refugee
1449,poland,2,refugee
1450,romania,4,refugee
1451,hungary,3,support
1452,turkey,4,refugee
1453,moldova,4,support
1454,moldova,2,refugee
1455,ukraine,1,support
1456,poland,5,refugee
1457,romania,3,support
1458,ukraine,5,support
1459,moldova,5,support
1460,slovakia,4,support
1461,romania,1,refugee
1462,turkey,5,refugee
1463,hungary,3,support
1464,slovakia,1,support
1465,poland,4,support
1466,slovakia,5,refugee
1467,poland,3,refugee
1468,poland,4,support
1469,ukraine,1,refugee
1470,turkey,3,support
1471,slovakia,5,refugee
1472,ukraine,5,support
1473,poland,1,refugee
1474,romania,3,refugee
1475,romania,3,refugee
1476,poland,3,refugee
1477,ukraine,1,refugee
1478,hungary,1,support
1479,romania,3,refugee
1480,moldova,5,refugee
1481,romania,1,support
1482,poland,5,refugee
1483,slovakia,5,support
1484,poland,4,support
1485,hungary,4,refugee
1486,ukraine,1,refugee
1487,turkey,2,support
1488,romania,2,support
1489,turkey,4,support
1490,slovakia,2,support
1491,poland,1,support
1492,hungary,5,refugee
1493,slovakia,3,support
1494,hungary,2,refugee
1495,moldova,5,refugee
1496,ukraine,3,refugee
1497,moldova,5,refugee
1498,ukraine,4,support
1499,turkey,4,refugee
1500,ukraine,4,support
1501,ukraine,2,refugee
1502,ukraine,2,refugee
1503,ukraine,1,support
1504,poland,2,support
1505,romania,1,refugee
1506,poland,3,support
1507,romania,1,refugee
1508,moldova,1,support
1509,turkey,1,support
1510,turkey,4,support
1511,turkey,5,support
1512,poland,2,support
1513,romania,2,refugee
1514,turkey,1,refugee
1515,moldova,1,support
1516,poland,1,refugee
1517,romania,1,refugee
1518,poland,4,support
1519,slovakia,5,support
1520,poland,3,refugee
1521,romania,4,support
1522,romania,2,support
1523,slovakia,4,support
1524,moldova,2,refugee
1525,turkey,2,refugee
1526,moldova,5,refugee
1527,romania,4,refugee
1528,slovakia,5,refugee
1529,moldova,5,support
1530,poland,4,support
1531,ukraine,3,support
1532,ukraine,1,support
1533,moldova,5,refugee
1534,moldova,3,refugee
1535,poland,1,refugee
1536,turkey,3,support
1537,hungary,2,refugee
1538,slovakia,5,refugee
1539,turkey,2,refugee
1540,moldova,2,refugee
1541,ukraine,2,support
1542,moldova,5,refugee
1543,ukraine,3,support
1544,moldova,2,support
1545,turkey,2,support
1546,poland,4,support
1547,poland,2,support
1548,turkey,4,refugee
1549,turkey,5,refugee
1550,slovakia,3,refugee
1551,poland,3,support
1552,ukraine,1,refugee
1553,slovakia,4,refugee
1554,poland,3,refugee
1555,poland,3,support
1556,moldova,3,refugee
1557,ukraine,3,refugee
1558,slovakia,3,refugee
1559,slovakia,3,support
1560,ukraine,5,refugee
1561,turkey,5,support
1562,turkey,5,support
1563,poland,4,refugee
1564,ukraine,4,support
1565,turkey,1,refugee
1566,poland,3,support
1567,ukraine,2,support
1568,turkey,5,refugee
1569,ukraine,3,support
1570,moldova,5,support
1571,ukraine,4,support
1572,moldova,4,refugee
1573,turkey,1,support
1574,romania,5,refugee
1575,moldova,3,refugee
1576,hungary,3,refugee
1577,poland,3,support
1578,poland,3,support
1579,slovakia,3,refugee
1580,hungary,2,refugee
1581,hungary,4,support
1582,moldova,1,support
1583,poland,3,refugee
1584,ukraine,5,refugee
1585,moldova,5,support
1586,romania,3,refugee
1587,poland,1,support
1588,hungary,3,support
1589,ukraine,4,refugee
1590,ukraine,5,support
1591,ukraine,1,refugee
1592,turkey,3,refugee
1593,poland,5,refugee
1594,turkey,5,refugee
1595,slovakia,3,refugee
1596,ukraine,4,support
1597,moldova,2,support
1598,turkey,1,support
1599,romania,2,support
1600,hungary,4,support
1601,ukraine,4,refugee
1602,hungary,2,support
1603,poland,2,support
1604,hungary,3,support
1605,turkey,3,refugee
1606,turkey,4,refugee
1607,turkey,4,refugee
1608,slovakia,1,support
1609,romania,5,support
1610,romania,2,support
1611,poland,2,refugee
1612,slovakia,4,support
1613,turkey,1,refugee
1614,turkey,4,support
1615,romania,3,support
1616,slovakia,3,refugee
1617,moldova,5,support
1618,romania,3,support
1619,turkey,3,support
1620,slovakia,3,refugee
1621,hungary,1,support
1622,moldova,2,support
1623,moldova,1,refugee
1624,moldova,5,support
1625,moldova,5,refugee
1626,slovakia,4,support
1627,ukraine,4,refugee
1628,moldova,1,support
1629,turkey,5,support
1630,poland,5,refugee
1631,slovakia,1,refugee
1632,slovakia,3,refugee
1633,ukraine,1,support
1634,ukraine,2,support
1635,turkey,2,support
1636,moldova,2,refugee
1637,slovakia,3,support
1638,slovakia,3,refugee
1639,turkey,1,support
1640,hungary,1,refugee
1641,moldova,1,refugee
1642,turkey,3,refugee
1643,moldova,1,support
1644,turkey,3,refugee
1645,moldova,2,support
1646,slovakia,4,support
1647,romania,2,refugee
1648,ukraine,5,refugee
1649,hungary,2,support
1650,ukraine,3,support
1651,turkey,1,support
1652,poland,4,refugee
1653,poland,3,support
1654,moldova,2,refugee
1655,ukraine,1,support
1656,ukraine,3,support
1657,moldova,2,refugee
1658,slovakia,5,refugee
1659,poland,4,support
1660,romania,5,refugee
1661,turkey,2,support
1662,turkey,1,support
1663,poland,3,support
1664,hungary,2,refugee
1665,hungary,1,refugee
1666,turkey,1,refugee
1667,ukraine,1,support
1668,ukraine,2,support
1669,turkey,5,support
1670,poland,2,support
1671,turkey,2,refugee
1672,turkey,1,refugee
1673,turkey,1,support
1674,slovakia,5,refugee
1675,poland,1,refugee
1676,romania,1,refugee
1677,romania,3,refugee
1678,ukraine,4,refugee
1679,ukraine,1,support
1680,poland,3,support
1681,hungary,3,support
1682,moldova,2,refugee
1683,poland,1,support
1684,romania,4,refugee
1685,hungary,1,refugee
1686,romania,5,refugee
1687,slovakia,5,refugee
1688,poland,3,refugee
1689,hungary,5,support
1690,ukraine,1,refugee
1691,moldova,4,support
1692,poland,3,refugee
1693,ukraine,2,refugee
1694,turkey,2,support
1695,turkey,2,support
1696,hungary,5,refugee
1697,hungary,5,refugee
1698,poland,3,refugee
1699,poland,3,support
1700,poland,4,support
1701,ukraine,5,refugee
1702,ukraine,3,refugee
1703,romania,2,support
1704,romania,3,support
1705,poland,3,support
1706,turkey,1,refugee
1707,ukraine,4,refugee
1708,moldova,5,support
1709,ukraine,3,refugee
1710,slovakia,2,support
1711,slovakia,1,support
1712,turkey,4,support
1713,turkey,2,refugee
1714,romania,4,support
1715,hungary,1,support
1716,hungary,1,refugee
1717,moldova,5,refugee
1718,ukraine,3,support
1719,romania,4,support
1720,turkey,5,refugee
1721,slovakia,4,support
1722,slovakia,4,support
1723,ukraine,2,refugee
1724,poland,2,refugee
1725,romania,5,refugee
1726,slovakia,4,support
1727,poland,4,support
1728,turkey,1,support
1729,ukraine,4,support
1730,romania,1,support
1731,ukraine,5,refugee
1732,hungary,2,refugee
1733,hungary,4,support
1734,romania,3,support
1735,hungary,2,support
1736,turkey,5,refugee
1737,poland,4,refugee
1738,slovakia,4,support
1739,slovakia,1,refugee
1740,turkey,2,support
1741,poland,3,support
1742,hungary,2,support
1743,ukraine,3,refugee
1744,ukraine,3,support
1745,ukraine,1,support
1746,moldova,2,refugee
1747,hungary,2,refugee
1748,romania,4,refugee
1749,poland,1,refugee
1750,slovakia,5,support
1751,romania,1,refugee
1752,slovakia,4,refugee
1753,poland,3,refugee
1754,ukraine,3,refugee
1755,ukraine,3,support
1756,romania,5,refugee
1757,poland,2,refugee
1758,moldova,5,support
1759,poland,1,refugee
1760,ukraine,4,support
1761,turkey,5,refugee
1762,poland,1,support
1763,turkey,4,refugee
1764,poland,5,support
1765,ukraine,1,support
1766,ukraine,4,refugee
1767,turkey,1,refugee
1768,romania,3,refugee
1769,hungary,3,support
1770,romania,4,support
1771,romania,1,support
1772,ukraine,1,support
1773,hungary,1,refugee
1774,turkey,5,support
1775,moldova,3,refugee
1776,poland,4,support
1777,turkey,1,support
1778,romania,5,support
1779,romania,1,refugee
1780,moldova,3,support
1781,moldova,4,refugee
1782,poland,4,support
1783,romania,2,support
1784,turkey,5,refugee
1785,turkey,3,refugee
1786,romania,2,support
1787,ukraine,4,refugee
1788,moldova,5,support
1789,moldova,4,refugee
1790,hungary,4,support
1791,turkey,4,refugee
1792,ukraine,2,support
1793,turkey,2,refugee
1794,poland,4,refugee
1795,romania,1,support
1796,slovakia,4,refugee
1797,hungary,3,refugee
1798,moldova,1,refugee
1799,slovakia,2,refugee
1800,slovakia,1,refugee
1801,ukraine,4,support
1802,moldova,4,refugee
1803,turkey,1,support
1804,turkey,4,support
1805,hungary,1,support
1806,hungary,4,support
1807,turkey,1,refugee
1808,romania,1,support
1809,hungary,2,refugee
1810,moldova,3,support
1811,ukraine,2,refugee
1812,moldova,3,refugee
1813,hungary,1,refugee
1814,poland,4,refugee
1815,romania,2,support
1816,turkey,3,support
1817,hungary,1,refugee
1818,turkey,1,support
1819,hungary,4,support
1820,turkey,2,support
1821,poland,1,refugee
1822,slovakia,4,support
1823,hungary,4,support
1824,slovakia,2,support
1825,romania,1,refugee
1826,slovakia,2,refugee
1827,moldova,1,refugee
1828,poland,3,support
1829,poland,1,refugee
1830,moldova,1,refugee
1831,ukraine,2,support
1832,poland,3,support
1833,moldova,2,refugee
1834,romania,5,support
1835,moldova,4,refugee
1836,ukraine,1,support
1837,poland,2,support
1838,slovakia,4,support
1839,turkey,2,refugee
1840,turkey,5,refugee
1841,hungary,2,support
1842,romania,2,refugee
1843,slovakia,3,refugee
1844,hungary,3,support
1845,moldova,4,support
1846,romania,1,support
1847,ukraine,1,support
1848,turkey,4,refugee
1849,poland,3,refugee
1850,hungary,5,support
1851,turkey,4,refugee
1852,poland,4,support
1853,moldova,5,refugee
1854,poland,5,support
1855,hungary,4,refugee
1856,turkey,4,support
1857,ukraine,3,support
1858,poland,2,refugee
1859,ukraine,5,support
1860,ukraine,3,refugee
1861,turkey,5,support
1862,hungary,5,refugee
1863,slovakia,1,refugee
1864,poland,3,refugee
1865,moldova,4,support
1866,turkey,1,support
1867,moldova,1,support
1868,slovakia,1,refugee
1869,moldova,5,support
1870,romania,1,support
1871,slovakia,5,refugee
1872,moldova,1,support
1873,romania,3,refugee
1874,turkey,1,refugee
1875,moldova,1,refugee
1876,hungary,2,refugee
1877,poland,5,support
1878,romania,4,support
1879,slovakia,3,support
1880,poland,4,support
1881,hungary,1,refugee
1882,hungary,4,refugee
1883,romania,4,support
1884,hungary,4,support
1885,moldova,2,refugee
1886,moldova,5,refugee
1887,slovakia,5,support
1888,hungary,4,support
1889,turkey,2,support
1890,turkey,3,refugee
1891,ukraine,2,support
1892,moldova,5,support
1893,romania,1,support
1894,ukraine,1,support
1895,moldova,4,support
1896,moldova,2,support
1897,poland,1,refugee
1898,romania,3,support
1899,ukraine,5,refugee
1900,slovakia,1,refugee
1901,turkey,1,refugee
1902,poland,3,refugee
1903,romania,4,support
1904,moldova,3,support
1905,poland,1,support
1906,romania,2,refugee
1907,moldova,5,refugee
1908,slovakia,1,refugee
1909,moldova,3,support
1910,moldova,2,support
1911,turkey,5,support
1912,poland,1,support
1913,moldova,2,support
1914,slovakia,3,refugee
1915,poland,1,refugee
1916,ukraine,2,support
1917,turkey,5,refugee
1918,poland,1,refugee
1919,turkey,2,support
1920,poland,4,refugee
1921,romania,3,refugee
1922,slovakia,4,support
1923,moldova,5,support
1924,slovakia,3,refugee
1925,ukraine,1,support
1926,ukraine,2,support
1927,romania,2,refugee
1928,slovakia,2,refugee
1929,ukraine,5,refugee
1930,turkey,4,support
1931,ukraine,2,refugee
1932,moldova,2,refugee
1933,romania,2,support
1934,poland,2,refugee
1935,romania,1,support
1936,ukraine,4,refugee
1937,moldova,2,refugee
1938,ukraine,1,refugee
1939,slovakia,2,support
1940,hungary,5,support
1941,turkey,2,support
1942,hungary,3,support
1943,slovakia,5,support
1944,ukraine,2,support
1945,hungary,5,refugee
1946,ukraine,5,refugee
1947,romania,5,refugee
1948,slovakia,5,refugee
1949,hungary,5,refugee
1950,hungary,4,support
1951,moldova,2,refugee
1952,romania,4,refugee
1953,poland,4,support
1954,turkey,5,support
1955,poland,2,refugee
1956,romania,2,support
1957,turkey,4,refugee
1958,slovakia,2,support
1959,hungary,3,refugee
1960,moldova,1,refugee
1961,hungary,5,refugee
1962,turkey,5,support
1963,slovakia,5,support
1964,ukraine,2,support
1965,moldova,5,refugee
1966,romania,4,refugee
1967,ukraine,5,support
1968,romania,4,support
1969,poland,5,refugee
1970,slovakia,4,support
1971,hungary,3,refugee
1972,poland,1,refugee
1973,turkey,4,refugee
1974,ukraine,3,support
1975,moldova,4,support
1976,slovakia,3,refugee
1977,poland,2,support
1978,romania,1,support
1979,slovakia,1,support
1980,moldova,2,refugee
1981,poland,5,refugee
1982,moldova,1,support
1983,slovakia,4,refugee
1984,moldova,3,refugee
1985,slovakia,3,refugee
1986,turkey,4,support
1987,ukraine,2,support
1988,romania,2,support
1989,poland,2,support
1990,hungary,2,support
1991,turkey,2,support
1992,slovakia,2,refugee
1993,slovakia,1,support
1994,slovakia,1,refugee
1995,moldova,5,support
1996,moldova,5,refugee
1997,moldova,1,refugee
1998,moldova,2,refugee
1999,romania,4,support
2000,poland,3,support
2001,moldova,3,refugee
2002,moldova,5,refugee
2003,slovakia,5,support
2004,romania,3,support
2005,slovakia,5,refugee
2006,slovakia,5,support
2007,hungary,3,refugee
2008,poland,1,refugee
2009,turkey,5,refugee
2010,moldova,4,support
2011,romania,4,support
2012,moldova,5,refugee
2013,moldova,3,refugee
2014,ukraine,5,support
2015,moldova,2,support
2016,romania,2,support
2017,slovakia,4,support
2018,hungary,5,refugee
2019,slovakia,2,refugee
2020,turkey,1,refugee
2021,hungary,4,refugee
2022,moldova,4,support
2023,ukraine,5,refugee
2024,hungary,5,refugee
2025,romania,5,refugee
2026,moldova,4,refugee
2027,poland,3,support
2028,slovakia,2,support
2029,slovakia,4,support
2030,slovakia,5,refugee
2031,poland,5,support
2032,turkey,3,support
2033,ukraine,3,support
2034,moldova,1,refugee
2035,ukraine,1,refugee
2036,moldova,1,support
2037,slovakia,1,support
2038,hungary,2,support
2039,hungary,5,refugee
2040,poland,2,support
2041,slovakia,1,support
2042,ukraine,2,refugee
2043,moldova,1,support
2044,slovakia,5,refugee
2045,moldova,5,refugee
2046,slovakia,4,support
2047,poland,4,refugee
2048,turkey,5,refugee
2049,slovakia,3,refugee
2050,turkey,2,refugee
2051,moldova,2,refugee
2052,ukraine,3,refugee
2053,poland,4,support
2054,romania,2,support
2055,slovakia,5,support
2056,poland,2,refugee
2057,romania,2,support
2058,ukraine,3,refugee
2059,romania,5,refugee
2060,hungary,2,refugee
2061,moldova,4,refugee
2062,romania,5,support
2063,hungary,4,support
2064,turkey,5,support
2065,hungary,1,refugee
2066,poland,1,support
2067,poland,2,support
2068,ukraine,5,refugee
2069,hungary,5,support
2070,moldova,4,support
2071,poland,4,support
2072,hungary,3,refugee
2073,slovakia,4,support
2074,turkey,3,refugee
2075,poland,5,refugee
2076,hungary,4,support
2077,slovakia,4,refugee
2078,romania,4,support
2079,hungary,2,support
2080,ukraine,2,refugee
2081,hungary,3,refugee
2082,romania,3,support
2083,turkey,5,support
2084,romania,2,refugee
2085,moldova,2,support
2086,hungary,5,refugee
2087,hungary,3,refugee
2088,ukraine,5,refugee
2089,moldova,2,support
2090,poland,2,refugee
2091,romania,3,refugee
2092,slovakia,4,support
2093,romania,5,refugee
2094,hungary,4,support
2095,moldova,4,support
2096,moldova,4,refugee
2097,slovakia,2,support
2098,poland,5,refugee
2099,turkey,5,refugee
2100,moldova,1,support
2101,hungary,1,support
2102,turkey,3,support
2103,slovakia,2,support
2104,romania,4,refugee
2105,romania,3,support
2106,turkey,5,refugee
2107,poland,1,refugee
2108,turkey,5,refugee
2109,moldova,2,support
2110,slovakia,2,refugee
2111,slovakia,3,refugee
2112,hungary,1,refugee
2113,turkey,3,refugee
2114,moldova,1,refugee
2115,slovakia,5,support
2116,romania,1,refugee
2117,hungary,4,support
2118,slovakia,4,refugee
2119,turkey,5,support
2120,slovakia,2,support
2121,hungary,5,support
2122,hungary,4,support
2123,ukraine,1,refugee
2124,turkey,2,support
2125,moldova,5,refugee
2126,slovakia,1,refugee
2127,moldova,5,refugee
2128,turkey,2,refugee
2129,turkey,3,support
2130,slovakia,5,refugee
2131,hungary,1,support
2132,turkey,1,support
2133,romania,4,support
2134,hungary,5,support
2135,turkey,4,support
2136,moldova,4,refugee
2137,ukraine,2,refugee
2138,moldova,2,refugee
2139,moldova,1,support
2140,hungary,4,support
2141,turkey,2,support
2142,turkey,2,refugee
2143,turkey,2,support
2144,slovakia,5,support
2145,hungary,2,refugee
2146,poland,4,refugee
2147,slovakia,5,support
2148,poland,5,refugee
2149,slovakia,2,refugee
2150,moldova,1,refugee
2151,moldova,2,support
2152,hungary,4,support
2153,turkey,4,support
2154,slovakia,4,refugee
2155,romania,3,support
2156,turkey,2,support
2157,moldova,4,support
2158,slovakia,3,refugee
2159,ukraine,1,support
2160,slovakia,4,support
2161,poland,5,support
2162,poland,4,refugee
2163,turkey,1,refugee
2164,romania,4,support
2165,slovakia,1,refugee
2166,turkey,3,refugee
2167,turkey,3,support
2168,slovakia,1,support
2169,poland,2,support
2170,slovakia,1,support
2171,hungary,1,support
2172,turkey,5,refugee
2173,romania,1,refugee
2174,moldova,3,support
2175,hungary,5,refugee
2176,poland,5,refugee
2177,ukraine,1,support
2178,romania,5,support
2179,moldova,3,refugee
2180,poland,4,refugee
2181,moldova,5,support
2182,turkey,1,refugee
2183,slovakia,4,support
2184,poland,2,support
2185,poland,5,support
2186,romania,3,support
2187,ukraine,1,refugee
2188,ukraine,1,refugee
2189,ukraine,4,support
2190,romania,5,refugee
2191,slovakia,4,support
2192,slovakia,2,refugee
2193,poland,1,support
2194,poland,4,refugee
2195,hungary,3,refugee
2196,poland,3,support
2197,hungary,4,support
2198,turkey,3,refugee
2199,romania,4,refugee
2200,turkey,1,support
2201,hungary,1,refugee
2202,hungary,5,refugee
2203,hungary,2,refugee
2204,ukraine,2,support
2205,romania,4,refugee
2206,hungary,3,support
2207,poland,5,refugee
2208,romania,3,support
2209,ukraine,3,support
2210,moldova,2,support
2211,ukraine,4,support
2212,romania,3,refugee
2213,slovakia,2,support
2214,hungary,3,support
2215,turkey,5,refugee
2216,hungary,2,refugee
2217,hungary,5,support
2218,poland,3,refugee
2219,poland,2,support
2220,romania,4,refugee
2221,poland,5,refugee
2222,poland,4,refugee
2223,romania,3,refugee
2224,romania,4,refugee
2225,moldova,3,support
2226,poland,4,refugee
2227,slovakia,2,refugee
2228,turkey,1,support
2229,slovakia,5,refugee
2230,turkey,1,support
2231,turkey,1,support
2232,romania,2,support
2233,moldova,2,refugee
2234,ukraine,3,support
2235,poland,4,refugee
2236,poland,4,refugee
2237,slovakia,4,refugee
2238,poland,4,refugee
2239,poland,1,refugee
2240,turkey,5,refugee
2241,ukraine,3,support
2242,ukraine,3,support
2243,hungary,1,support
2244,moldova,1,support
2245,turkey,5,refugee
2246,moldova,3,refugee
2247,romania,1,refugee
2248,turkey,5,support
2249,romania,4,support
2250,slovakia,2,support
2251,slovakia,4,support
2252,romania,3,refugee
2253,slovakia,1,refugee
2254,ukraine,4,refugee
2255,ukraine,4,support
2256,hungary,5,support
2257,moldova,1,support
2258,hungary,2,support
2259,romania,1,refugee
2260,hungary,1,support
2261,turkey,5,support
2262,ukraine,4,support
2263,slovakia,3,support
2264,ukraine,4,refugee
2265,hungary,4,support
2266,ukraine,2,support
2267,ukraine,4,support
2268,poland,4,refugee
2269,slovakia,1,refugee
2270,hungary,1,support
2271,moldova,2,refugee
2272,hungary,2,support
2273,hungary,1,refugee
2274,moldova,2,refugee
2275,poland,1,refugee
2276,turkey,3,refugee
2277,romania,2,support
2278,ukraine,3,refugee
2279,moldova,1,support
2280,turkey,5,support
2281,ukraine,4,refugee
2282,moldova,2,support
2283,hungary,2,refugee
2284,poland,5,support
2285,moldova,3,refugee
2286,slovakia,1,support
2287,poland,1,support
2288,ukraine,3,refugee
2289,slovakia,3,support
2290,romania,2,support
2291,poland,1,support
2292,romania,1,support
2293,ukraine,5,support
2294,moldova,3,refugee
2295,romania,2,support
2296,turkey,2,refugee
2297,slovakia,4,refugee
2298,ukraine,2,refugee
2299,ukraine,4,refugee
2300,ukraine,1,support
2301,poland,4,refugee
2302,slovakia,4,support
2303,romania,2,support
2304,turkey,5,support
2305,ukraine,4,support
2306,ukraine,1,support
2307,moldova,2,refugee
2308,hungary,3,refugee
2309,romania,3,support
2310,poland,1,refugee
2311,slovakia,4,support
2312,romania,1,refugee
2313,poland,3,refugee
2314,romania,3,support
2315,romania,1,support
2316,hungary,3,support
2317,hungary,4,refugee
2318,poland,2,support
2319,romania,3,refugee
2320,turkey,1,refugee
2321,turkey,3,support
2322,ukraine,1,support
2323,slovakia,4,support
2324,moldova,2,refugee
2325,moldova,5,refugee
2326,romania,2,refugee
2327,romania,3,refugee
2328,ukraine,3,refugee
2329,slovakia,4,refugee
2330,hungary,4,support
2331,romania,2,support
2332,turkey,3,refugee
2333,romania,5,refugee
2334,ukraine,1,refugee
2335,turkey,3,refugee
2336,hungary,1,refugee
2337,poland,3,refugee
2338,poland,2,refugee
2339,poland,4,refugee
2340,moldova,5,refugee
2341,turkey,4,support
2342,poland,2,support
2343,turkey,4,support
2344,slovakia,3,support
2345,turkey,5,support
2346,turkey,3,support
2347,slovakia,5,support
2348,moldova,3,support
2349,poland,3,support
2350,turkey,5,support
2351,poland,3,refugee
2352,ukraine,4,support
2353,turkey,4,support
2354,romania,2,refugee
2355,ukraine,4,support
2356,poland,5,support
2357,hungary,3,support
2358,slovakia,1,refugee
2359,hungary,2,refugee
2360,poland,2,support
2361,slovakia,3,refugee
2362,poland,3,support
2363,poland,5,refugee
2364,romania,5,support
2365,turkey,2,support
2366,romania,1,support
2367,ukraine,5,support
2368,poland,1,support
2369,hungary,4,refugee
2370,hungary,1,refugee
2371,poland,5,support
2372,romania,3,refugee
2373,slovakia,2,refugee
2374,hungary,5,support
2375,poland,4,support
2376,moldova,4,support
2377,poland,4,refugee
2378,ukraine,1,support
2379,hungary,5,refugee
2380,turkey,5,support
2381,poland,5,refugee
2382,moldova,5,refugee
2383,ukraine,5,support
2384,turkey,3,support
2385,romania,4,refugee
2386,poland,4,refugee
2387,romania,4,support
2388,moldova,1,support
2389,slovakia,1,support
2390,ukraine,3,support
2391,poland,5,support
2392,romania,2,support
2393,turkey,1,refugee
2394,turkey,5,refugee
2395,slovakia,1,refugee
2396,poland,4,refugee
2397,hungary,3,support
2398,turkey,2,support
2399,poland,1,refugee
2400,poland,1,support
2401,turkey,1,refugee
2402,hungary,4,support
2403,slovakia,1,refugee
2404,slovakia,3,refugee
2405,ukraine,4,refugee
2406,slovakia,4,support
2407,poland,5,support
2408,ukraine,5,support
2409,ukraine,1,refugee
2410,moldova,2,refugee
2411,romania,1,refugee
2412,poland,1,refugee
2413,ukraine,4,refugee
2414,moldova,1,support
2415,poland,1,refugee
2416,poland,3,support
2417,poland,5,refugee
2418,romania,5,refugee
2419,moldova,3,support
2420,hungary,1,refugee
2421,poland,3,support
2422,turkey,2,refugee
2423,ukraine,3,refugee
2424,turkey,4,refugee
2425,moldova,4,support
2426,poland,2,support
2427,moldova,2,support
2428,hungary,5,refugee
2429,romania,1,support
2430,moldova,2,support
2431,hungary,5,refugee
2432,slovakia,3,refugee
2433,ukraine,1,refugee
2434,romania,3,refugee
2435,slovakia,3,refugee
2436,ukraine,3,support
2437,hungary,1,refugee
2438,moldova,3,refugee
2439,slovakia,5,support
2440,ukraine,2,refugee
2441,romania,1,refugee
2442,ukraine,2,support
2443,hungary,4,refugee
2444,turkey,4,support
2445,hungary,5,refugee
2446,slovakia,5,support
2447,slovakia,5,refugee
2448,hungary,3,refugee
2449,moldova,1,support
2450,ukraine,5,refugee
2451,slovakia,3,refugee
2452,hungary,5,support
2453,poland,1,refugee
2454,slovakia,5,refugee
2455,slovakia,1,refugee
2456,poland,1,support
2457,hungary,2,support
2458,ukraine,5,support
2459,ukraine,2,refugee
2460,turkey,5,refugee
2461,poland,1,refugee
2462,moldova,4,refugee
2463,romania,4,refugee
2464,poland,2,refugee
2465,hungary,1,refugee
2466,slovakia,1,refugee
2467,ukraine,5,refugee
2468,slovakia,1,refugee
2469,poland,3,support
2470,slovakia,3,refugee
2471,poland,2,refugee
2472,slovakia,1,refugee
2473,turkey,5,refugee
2474,slovakia,4,refugee
2475,ukraine,3,support
2476,turkey,1,refugee
2477,moldova,2,support
2478,hungary,2,support
2479,slovakia,3,refugee
2480,poland,1,support
2481,turkey,3,refugee
2482,turkey,1,refugee
2483,ukraine,4,support
2484,slovakia,1,support
2485,turkey,2,refugee
2486,moldova,4,refugee
2487,ukraine,3,refugee
2488,moldova,5,support
2489,moldova,4,refugee
2490,turkey,1,refugee
2491,ukraine,5,refugee
2492,turkey,4,refugee
2493,romania,1,refugee
2494,slovakia,1,support
2495,ukraine,3,refugee
2496,turkey,2,refugee
2497,hungary,3,refugee
2498,romania,5,refugee
2499,ukraine,1,refugee
2500,turkey,2,refugee
2501,moldova,5,refugee
2502,moldova,1,refugee
2503,hungary,2,refugee
2504,poland,1,refugee
2505,turkey,1,support
2506,moldova,3,support
2507,slovakia,2,support
2508,slovakia,1,refugee
2509,slovakia,3,refugee
2510,slovakia,1,refugee
2511,poland,3,refugee
2512,hungary,3,support
2513,turkey,5,support
2514,hungary,1,support
2515,slovakia,1,support
2516,slovakia,4,refugee
2517,poland,2,support
2518,slovakia,2,support
2519,slovakia,1,refugee
2520,slovakia,4,support
2521,romania,3,support
2522,hungary,5,support
2523,poland,5,refugee
2524,ukraine,1,support
2525,hungary,5,support
2526,romania,2,refugee
2527,moldova,5,support
2528,poland,1,refugee
2529,hungary,4,support
2530,moldova,5,refugee
2531,moldova,2,refugee
2532,ukraine,2,support
2533,moldova,4,support
2534,romania,2,support
2535,moldova,4,refugee
2536,romania,4,support
2537,ukraine,1,support
2538,slovakia,1,support
2539,slovakia,5,refugee
2540,turkey,3,refugee
2541,moldova,4,support
2542,moldova,3,refugee
2543,hungary,3,refugee
2544,poland,5,support
2545,romania,1,refugee
2546,ukraine,3,refugee
2547,poland,5,support
2548,poland,5,support
2549,romania,1,refugee
2550,hungary,5,support
2551,moldova,4,refugee
2552,romania,1,support
2553,ukraine,3,refugee
2554,poland,4,support
2555,ukraine,1,support
2556,ukraine,1,support
2557,romania,5,refugee
2558,ukraine,5,refugee
2559,slovakia,3,refugee
2560,slovakia,5,support
2561,romania,3,refugee
2562,ukraine,5,support
2563,poland,2,support
2564,hungary,2,support
2565,hungary,5,support
2566,romania,2,support
2567,poland,5,support
2568,poland,4,refugee
2569,romania,1,refugee
2570,romania,5,refugee
2571,slovakia,2,refugee
2572,moldova,1,support
2573,poland,4,support
2574,poland,4,support
2575,moldova,4,refugee
2576,turkey,1,refugee
2577,poland,2,refugee
2578,romania,4,support
2579,ukraine,3,support
2580,slovakia,1,support
2581,ukraine,2,support
2582,slovakia,1,refugee
2583,ukraine,5,refugee
2584,hungary,5,refugee
2585,slovakia,5,support
2586,poland,2,refugee
2587,poland,2,support
2588,slovakia,1,refugee
2589,turkey,4,refugee
2590,ukraine,2,refugee
2591,turkey,5,refugee
2592,romania,2,support
2593,hungary,3,refugee
2594,moldova,4,refugee
2595,poland,5,support
2596,moldova,1,support
2597,turkey,3,refugee
2598,slovakia,1,refugee
2599,slovakia,3,refugee
2600,ukraine,4,support
2601,moldova,5,refugee
2602,moldova,2,support
2603,poland,1,refugee
2604,moldova,1,refugee
2605,hungary,2,support
2606,poland,3,refugee
2607,slovakia,4,support
2608,ukraine,2,refugee
2609,romania,4,support
2610,moldova,1,refugee
2611,moldova,5,refugee
2612,moldova,3,refugee
2613,moldova,3,support
2614,ukraine,4,support
2615,romania,1,support
2616,hungary,3,support
2617,turkey,3,refugee
2618,turkey,5,support
2619,hungary,4,refugee
2620,poland,5,support
2621,romania,2,support
2622,turkey,2,refugee
2623,poland,4,support
2624,ukraine,5,refugee
2625,hungary,2,refugee
2626,ukraine,3,support
2627,romania,2,refugee
2628,poland,2,support
2629,moldova,3,refugee
2630,hungary,1,support
2631,turkey,1,support
2632,romania,4,refugee
2633,ukraine,3,refugee
2634,romania,4,refugee
2635,poland,3,refugee
2636,slovakia,5,support
2637,ukraine,2,refugee
2638,slovakia,2,support
2639,slovakia,4,refugee
2640,romania,4,refugee
2641,slovakia,3,support
2642,turkey,4,support
2643,turkey,1,refugee
2644,hungary,4,support
2645,poland,5,refugee
2646,hungary,3,refugee
2647,poland,3,support
2648,romania,4,support
2649,hungary,4,support
2650,moldova,5,support
2651,romania,1,refugee
2652,moldova,5,support
2653,romania,3,support
2654,moldova,4,refugee
2655,hungary,3,refugee
2656,slovakia,5,support
2657,poland,2,refugee
2658,ukraine,2,support
2659,moldova,2,refugee
2660,turkey,5,support
2661,turkey,4,support
2662,ukraine,4,support
2663,slovakia,1,refugee
2664,hungary,1,support
2665,ukraine,5,refugee
2666,poland,4,refugee
2667,romania,4,refugee
2668,hungary,2,support
2669,moldova,1,support
2670,romania,2,refugee
2671,hungary,3,refugee
2672,slovakia,4,refugee
2673,slovakia,2,support
2674,ukraine,4,support
2675,moldova,2,support
2676,slovakia,4,support
2677,moldova,5,refugee
2678,slovakia,3,refugee
2679,turkey,3,support
2680,turkey,4,support
2681,slovakia,5,refugee
2682,moldova,4,refugee
2683,hungary,1,support
2684,turkey,3,support
2685,ukraine,2,support
2686,ukraine,1,support
2687,ukraine,2,support
2688,slovakia,3,refugee
2689,slovakia,4,refugee
2690,hungary,3,refugee
2691,hungary,4,refugee
2692,slovakia,3,support
2693,slovakia,2,support
2694,poland,1,support
2695,turkey,5,support
2696,poland,5,refugee
2697,hungary,5,support
2698,turkey,1,support
2699,moldova,2,refugee
2700,moldova,1,refugee
2701,slovakia,4,support
2702,moldova,3,support
2703,poland,3,refugee
2704,moldova,2,support
2705,moldova,1,support
2706,hungary,4,support
2707,turkey,3,support
2708,turkey,4,support
2709,poland,3,refugee
2710,turkey,2,support
2711,poland,4,refugee
2712,poland,4,support
2713,poland,3,support
2714,ukraine,1,support
2715,romania,2,refugee
2716,romania,1,support
2717,ukraine,1,support
2718,poland,5,refugee
2719,ukraine,4,support
2720,romania,2,refugee
2721,turkey,1,refugee
2722,slovakia,1,support
2723,hungary,2,support
2724,poland,1,support
2725,poland,4,support
2726,turkey,3,support
2727,slovakia,5,support
2728,hungary,4,refugee
2729,ukraine,4,refugee
2730,moldova,3,support
2731,romania,2,support
2732,moldova,5,support
2733,moldova,3,support
2734,ukraine,4,refugee
2735,romania,5,refugee
2736,turkey,1,refugee
2737,romania,5,refugee
2738,ukraine,3,support
2739,romania,5,refugee
2740,hungary,5,support
2741,slovakia,2,refugee
2742,ukraine,4,refugee
2743,ukraine,5,refugee
2744,moldova,1,refugee
2745,poland,1,support
2746,ukraine,4,support
2747,romania,5,refugee
2748,turkey,2,support
2749,hungary,4,support
2750,poland,1,support
2751,romania,1,refugee
2752,turkey,1,support
2753,slovakia,5,support
2754,ukraine,1,support
2755,romania,2,refugee
2756,slovakia,5,refugee
2757,romania,1,refugee
2758,moldova,5,refugee
2759,moldova,5,refugee
2760,hungary,5,support
2761,romania,5,refugee
2762,poland,5,support
2763,moldova,4,refugee
2764,moldova,3,refugee
2765,moldova,2,refugee
2766,romania,2,refugee
2767,moldova,3,refugee
2768,poland,1,refugee
2769,ukraine,2,refugee
2770,moldova,1,refugee
2771,slovakia,2,support
2772,romania,1,refugee
2773,hungary,2,support
2774,poland,1,refugee
2775,turkey,4,refugee
2776,moldova,1,refugee
2777,hungary,1,support
2778,romania,2,support
2779,slovakia,3,refugee
2780,hungary,4,support
2781,ukraine,1,refugee
2782,ukraine,5,support
2783,moldova,3,refugee
2784,poland,1,support
2785,turkey,1,refugee
2786,romania,2,refugee
2787,poland,2,support
2788,moldova,2,refugee
2789,moldova,2,support
2790,hungary,1,refugee
2791,ukraine,5,refugee
2792,romania,5,refugee
2793,poland,5,refugee
2794,moldova,2,refugee
2795,romania,2,refugee
2796,hungary,2,support
2797,slovakia,2,support
2798,poland,5,support
2799,turkey,1,refugee
2800,ukraine,5,support
2801,poland,2,support
2802,turkey,4,support
2803,moldova,4,refugee
2804,poland,3,support
2805,ukraine,1,support
2806,romania,5,refugee
2807,ukraine,2,refugee
2808,slovakia,1,refugee
2809,turkey,3,support
2810,poland,4,refugee
2811,slovakia,5,refugee
2812,hungary,4,support
2813,hungary,3,support
2814,turkey,2,support
2815,turkey,3,support
2816,slovakia,5,refugee
2817,moldova,1,refugee
2818,hungary,5,support
2819,romania,1,refugee
2820,romania,4,refugee
2821,slovakia,4,refugee
2822,hungary,5,refugee
2823,slovakia,3,refugee
2824,poland,2,support
2825,turkey,1,support
2826,turkey,2,support
2827,hungary,4,refugee
2828,turkey,5,support
2829,turkey,3,support
2830,ukraine,1,refugee
2831,slovakia,1,support
2832,romania,4,support
2833,moldova,4,support
2834,moldova,4,refugee
2835,romania,2,support
2836,poland,1,refugee
2837,ukraine,5,refugee
2838,romania,3,support
2839,slovakia,5,support
2840,poland,5,support
2841,ukraine,5,refugee
2842,romania,2,refugee
2843,moldova,2,refugee
2844,moldova,4,support
2845,romania,2,support
2846,turkey,3,support
2847,ukraine,1,support
2848,moldova,3,refugee
2849,romania,1,support
2850,romania,4,support
2851,moldova,1,support
2852,turkey,1,refugee
2853,slovakia,2,refugee
2854,turkey,3,support
2855,poland,5,support
2856,turkey,2,refugee
2857,ukraine,2,support
2858,romania,2,support
2859,romania,3,refugee
2860,romania,3,refugee
2861,slovakia,1,refugee
2862,turkey,3,support
2863,slovakia,5,support
2864,hungary,4,refugee
2865,turkey,5,support
2866,slovakia,3,support
2867,ukraine,1,support
2868,poland,1,support
2869,turkey,3,support
2870,slovakia,1,refugee
2871,romania,5,support
2872,slovakia,5,refugee
2873,romania,4,support
2874,ukraine,2,support
2875,ukraine,3,support
2876,hungary,5,support
2877,moldova,2,refugee
2878,slovakia,1,support
2879,moldova,1,refugee
2880,poland,3,refugee
2881,hungary,4,refugee
2882,romania,4,refugee
2883,poland,2,support
2884,hungary,2,refugee
2885,romania,5,refugee
2886,ukraine,5,support
2887,moldova,3,refugee
2888,slovakia,4,support
2889,hungary,5,support
2890,ukraine,2,refugee
2891,romania,2,support
2892,romania,1,refugee
2893,romania,2,support
2894,turkey,2,support
2895,hungary,4,refugee
2896,romania,2,refugee
2897,moldova,2,support
2898,hungary,5,support
2899,turkey,1,refugee
2900,hungary,4,refugee
2901,ukraine,5,support
2902,romania,2,support
2903,romania,4,refugee
2904,slovakia,1,support
2905,poland,1,refugee
2906,moldova,3,refugee
2907,turkey,3,support
2908,hungary,1,support
2909,poland,3,refugee
2910,turkey,4,refugee
2911,hungary,1,refugee
2912,moldova,1,support
2913,romania,2,support
2914,romania,1,refugee
2915,turkey,5,refugee
2916,slovakia,4,refugee
2917,moldova,2,support
2918,moldova,4,support
2919,turkey,3,refugee
2920,poland,3,support
2921,poland,5,refugee
2922,turkey,3,support
2923,turkey,5,support
2924,poland,1,refugee
2925,hungary,3,refugee
2926,moldova,5,support
2927,poland,1,refugee
2928,ukraine,1,support
2929,romania,1,refugee
2930,moldova,3,support
2931,moldova,4,refugee
2932,turkey,4,support
2933,poland,3,support
2934,romania,3,support
2935,turkey,2,support
2936,turkey,3,refugee
2937,moldova,5,support
2938,hungary,3,refugee
2939,slovakia,4,refugee
2940,poland,1,refugee
2941,ukraine,5,refugee
2942,poland,5,support
2943,moldova,1,support
2944,poland,4,refugee
2945,moldova,1,support
2946,ukraine,2,refugee
2947,poland,5,refugee
2948,romania,5,refugee
2949,turkey,1,refugee
2950,turkey,4,support
2951,ukraine,1,refugee
2952,moldova,5,refugee
2953,slovakia,3,support
2954,hungary,5,refugee
2955,hungary,2,refugee
2956,ukraine,4,refugee
2957,hungary,4,support
2958,turkey,3,refugee
2959,slovakia,4,support
2960,ukraine,4,support
2961,poland,1,refugee
2962,turkey,3,support
2963,poland,3,support
2964,moldova,2,support
2965,ukraine,5,refugee
2966,ukraine,3,refugee
2967,romania,3,support
2968,ukraine,5,refugee
2969,romania,2,refugee
2970,romania,3,support
2971,moldova,3,refugee
2972,hungary,2,refugee
2973,ukraine,4,refugee
2974,turkey,5,support
2975,turkey,5,support
2976,moldova,5,support
2977,moldova,3,refugee
2978,ukraine,2,refugee
2979,poland,1,support
2980,moldova,2,support
2981,turkey,1,refugee
2982,hungary,1,support
2983,slovakia,1,refugee
2984,ukraine,5,support
2985,hungary,2,refugee
2986,romania,4,support
2987,turkey,2,refugee
2988,turkey,5,support
2989,ukraine,1,refugee
2990,moldova,3,support
2991,turkey,1,support
2992,moldova,3,refugee
2993,poland,2,refugee
2994,poland,3,support
2995,romania,5,support
2996,slovakia,5,support
2997,slovakia,5,support
2998,poland,3,refugee
2999,poland,1,refugee
